what is my ip,3350000
what time is it,1830000
how to register to vote,1220000
how to tie a tie,673000
can you run it,550000
what song is this,550000
how to lose weight,550000
how many ounces in a cup,450000
when is mothers day,450000
how many ounces in a pound,450000
how many ounces in a gallon,450000
how many weeks in a year,450000
when is fathers day,450000
what is my ip address,450000
can i run it,368000
how to get pregnant,368000
how to download youtube videos,368000
how to screenshot on mac,301000
how old is donald trump,301000
how to lose weight fast,301000
where are you now,301000
how to make pancakes,301000
when we were young,246000
how to make money,246000
how many grams in an ounce,246000
how many feet in a mile,246000
what time is it in california,246000
what does smh mean,246000
how old is hillary clinton,201000
how to lose belly fat,201000
is it going to rain today,201000
where is my phone,201000
what is the weather today,201000
how to download videos from youtube,201000
how to boil eggs,201000
how to delete instagram account,165000
how to take a screenshot on a mac,165000
how many cups in a gallon,165000
how many days till christmas,165000
what time is it in london,165000
how old am i,165000
how to get rid of bed bugs,165000
how to draw a rose,165000
how to make pizza,165000
how many grams in a pound,165000
how many ounces in a quart,165000
how to have sex,165000
how do you spell,165000
how to use snapchat,165000
what is your name,165000
how to make french toast,165000
how to make love,165000
how to make slime,165000
how many tablespoons in a cup,165000
what time is the superbowl,165000
how many oz in a cup,135000
what time is sunset,135000
how to write a check,135000
how to tie a bowtie,135000
when is daylight saving time,135000
how many days in a year,135000
what does hmu mean,135000
how many days until christmas,135000
how to make money online,135000
what time is it in australia,135000
when is memorial day,135000
when is labor day,135000
what is the temp,135000
what is the temperature,135000
what time is it in hawaii,135000
how to solve a rubix cube,135000
how many countries in the world,135000
who sings this song,135000
how many teaspoons in a tablespoon,135000
how long to boil eggs,135000
how many centimeters in an inch,135000
why is the sky blue,135000
how to write a cover letter,135000
how many ounces in a liter,135000
how much house can i afford,135000
what is the time,135000
how to gain weight,135000
how to take a screenshot,135000
how to hack facebook account,135000
how to delete facebook account,135000
how many mb in a gb,135000
how tall is kevin hart,110000
how to start a business,110000
how to save money,110000
how old is justin bieber,110000
how many people are in the world,110000
how to last longer in bed,110000
how to make money fast,110000
how to draw a dog,110000
how to get rid of acne,110000
how many oz in a gallon,110000
how to get rid of blackheads,110000
how to cook quinoa,110000
what is the meaning of life,110000
how many calories in a banana,110000
how many kilometers in a mile,110000
how to draw anime,110000
how to make scrambled eggs,110000
what does tbh mean,110000
what is this song,110000
what does my name mean,110000
how to get rid of pimples,110000
how to cook spaghetti squash,110000
how to make an omelet,110000
how to change wifi password,110000
how to cook asparagus,110000
how many cups in a pint,110000
how many square feet in an acre,110000
how to change gmail password,110000
how to eat pussy,110000
what is a verb,110000
do you want to build a snowman,110000
how to cook rice,110000
how to get rid of fruit flies,110000
how to calculate percentage,110000
how to hard boil eggs,110000
how many steps in a mile,110000
how to delete instagram,110000
how to make cake,110000
how many ounces in a pint,110000
how to hack wifi passwords,110000
how old are you,110000
how to start a blog,90500
how many ounces are in a gallon,90500
how to backup iphone,90500
how to create a website,90500
how old is dolly parton,90500
how to tie a noose,90500
what does it mean,90500
what to do when your bored,90500
how to play poker,90500
how to be happy,90500
how to get rid of fleas,90500
how much should i weigh,90500
how to make a baby,90500
when does the time change,90500
what on tv tonight,90500
how many oz in a pound,90500
how to write a resume,90500
how to win friends and influence people,90500
what time is it in japan,90500
how to get rid of stretch marks,90500
how to cook a turkey,90500
how to make buttermilk,90500
how to grow hair fast,90500
how many meters in a mile,90500
how to block a number,90500
when is the next full moon,90500
how to kiss a girl,90500
who should i start,90500
what day is it,90500
how to play powerball,90500
how to make ice cream,90500
how to lower blood pressure,90500
how to poach an egg,90500
what to expect when you re expecting,90500
how to calculate bmi,90500
how to do sex,90500
how to download music,90500
how to make fried rice,90500
how to make mashed potatoes,90500
how to download movie,90500
how to roll a joint,90500
how to give a blow job,90500
how to get rid of hiccups,90500
how many feet in a yard,90500
how many weeks are in a year,90500
how to reset iphone,90500
how to jump a car,74000
when is valentines day,74000
what does otp mean,74000
how to pick a lock,74000
how does uber work,74000
how to kill yourself,74000
how to fall asleep fast,74000
how many calories in an egg,74000
how much water should you drink a day,74000
can you get pregnant on your period,74000
how to cake it,74000
how long does weed stay in your system,74000
how to get rid of ants,74000
what time is it in germany,74000
how old is the earth,74000
how to make a paper airplane,74000
what to do when bored,74000
how did bruce lee die,74000
how to make a resume,74000
what to watch on netflix,74000
what happens when you die,74000
how much is my car worth,74000
what time is it in florida,74000
what is global warming,74000
how to tell if a girl likes you,74000
what is a prime number,74000
how to get pregnant faster,74000
how to get a girlfriend,74000
how to stop snoring,74000
who unfollowed me on instagram,74000
how to get rid of dandruff,74000
how to get a passport,74000
how far along am i,74000
how to save a life,74000
how to cook salmon,74000
how old is beyonce,74000
what is a meme,74000
how long to cook a turkey,74000
what is virtual private network,74000
what is an adjective,74000
how many pounds in a ton,74000
why is my poop green,74000
how to download music from youtube,74000
how to make lasagna,74000
what time is it in china,74000
how to divide fractions,74000
how to grow a beard,74000
how to multiply fractions,74000
how to write a letter,74000
how to impress a girl,74000
how to make a girl squirt,74000
how to make pizza dough,74000
how to make guacamole,74000
how to write a cv,74000
how to make pasta,74000
how to convert pdf to word,74000
where am i right now,74000
what is a noun,74000
how to learn english,74000
how to play chess,74000
how to grow taller,74000
does he like me,74000
how to download from youtube,74000
what does gop stand for,74000
how many yards in a mile,74000
how to download videos from facebook,74000
what time is it in india,74000
how many ml in a liter,74000
how to cut a mango,74000
how to screenshot on pc,74000
how old is lebron james,74000
how many pounds in a stone,74000
how long does it take to get to mars,74000
how many feet are in a mile,74000
what day is thanksgiving,74000
how to make a website,60500
how to cite a website,60500
what color makes brown,60500
how much water should i drink,60500
how to make an application,60500
how to make an app,60500
how old is ariana grande,60500
what time is sunrise,60500
what is crohn disease,60500
what does lmao mean,60500
how to get rid of acne scars,60500
how to create an app,60500
how to create an application,60500
what is a good credit score,60500
who invented the internet,60500
how many countries are there,60500
how to whiten teeth,60500
how long does it take to get a passport,60500
how many ounces are in a cup,60500
how to get rid of belly fat,60500
how many people in the world,60500
how to get rid of lice,60500
how to know if a girl likes you,60500
what side is your appendix on,60500
how to get rid of a cold,60500
when do babies crawl,60500
how to french braid,60500
what holiday is today,60500
how big is an acre,60500
when does time change,60500
how are you in spanish,60500
how many countries are there in the world,60500
how many states in india,60500
how to finger a girl,60500
how to remove blackheads,60500
when do you ovulate,60500
what do bed bugs look like,60500
how to remove blackhead,60500
how to earn money online,60500
how to make whipped cream,60500
how many weeks pregnant am i,60500
how to become rich,60500
how old is melania trump,60500
how to make jello shots,60500
how to make cookies,60500
how to play guitar,60500
how to bake chicken,60500
how to unlock iphone,60500
how to add fractions,60500
what is the temperature outside,60500
how to delete twitter account,60500
how do get rid of gnats,60500
how to root android,60500
how to draw pokemon,60500
how to hack facebook,60500
why should we hire you,60500
how to remove pimples,60500
where do i vote,60500
what is my location,60500
what would you do,60500
how to delete twitter,60500
how to write an essay,60500
how many calories should i eat,60500
how old is jennifer lopez,60500
how to get rid of gnats,60500
how to make gravy,60500
how old is gwen stefani,60500
how to reduce weight,60500
who viewed my facebook profile,60500
how to tell if a guy likes you,60500
how to increase height,60500
why are cats afraid of cucumber,60500
what time zone am i in,60500
how to reduce belly fat,60500
how old is bill clinton,60500
how to calculate gpa,60500
how to french kiss,60500
how to boil an egg,60500
what would you do?,60500
how to make hard boiled eggs,60500
when you see it,60500
what is a pronoun,60500
what is a metaphor,60500
how old is taylor swift,60500
what is an adverb,60500
how many mg in a gram,60500
does he like me quiz,60500
who is the richest man in the world,60500
how old is vanna white,60500
how to download facebook video,60500
how to deactivate facebook,60500
how to print screen,60500
how old is selena gomez,60500
how to print screen on mac,60500
how to screenshot on windows,60500
how to be single trailer,60500
how many inches in a yard,60500
how tall is tom cruise,60500
how many miles is a 5k,49500
how to pass a drug test,49500
how the market works,49500
how to hack a facebook account,49500
how many calories in a pound,49500
who is winning the election,49500
how much caffeine in coffee,49500
what to wear to a wedding,49500
when is the presidential election,49500
how to give a hickey,49500
how much water should i drink a day,49500
when does morning sickness start,49500
when is daylight savings,49500
how many seconds in a day,49500
can dogs eat bananas,49500
can you get pregnant from precum,49500
how did bob marley die,49500
how much does a gallon of water weigh,49500
how to make lean,49500
what is an integer,49500
how much home can i afford,49500
what is the mean,49500
how to remove skin tags,49500
how much is my house worth,49500
when was jesus born,49500
what is a rim job,49500
why are cats scared of cucumbers,49500
how long does marijuana stay in your system,49500
how to stop coughing,49500
how many countries are in the world,49500
what is a cover letter,49500
how to save a life lyrics,49500
what is martial law,49500
how to change apple id,49500
how to love yourself,49500
how to cook brown rice,49500
how to block your number,49500
what is a blogger,49500
how to get rid of a headache,49500
how to make money from home,49500
how many pokemon are there,49500
when do babies start teething,49500
how to make meatballs,49500
how to create a blogspot,49500
how to hack clash of clans,49500
how long does cocaine stay in your system,49500
how to clear cache,49500
how to stop diarrhea,49500
how old is drake,49500
how to deactivate facebook account,49500
how to ask a girl out,49500
what is oral sex,49500
how to get rid of a stye,49500
how many pounds in a kilogram,49500
how to quit smoking,49500
how to lose weight quickly,49500
what does sos mean,49500
what is a hernia,49500
what is amazon prime,49500
how to stay awake,49500
how to make your hair grow faster,49500
how to lucid dream,49500
how to take a screenshot on windows,49500
how much is amazon prime,49500
when to take a pregnancy test,49500
how long does the flu last,49500
how many mm in a cm,49500
how to draw a flower,49500
how to make bread,49500
how to get rid of hickeys,49500
when does summer start,49500
why do dogs eat grass,49500
how to earn money,49500
how do to makeup,49500
how to pray the rosary,49500
how to draw a dragon,49500
how to get over a break up,49500
how to make sushi,49500
how to unlock iphone 5,49500
how many calories should i eat a day,49500
is today a holiday,49500
how to write a book,49500
can dogs eat apples,49500
how to lower cholesterol,49500
how to cut your own hair,49500
how to make donuts,49500
how long to boil an egg,49500
what is cinco de mayo,49500
how to renew passport,49500
how long to bake chicken,49500
how to get rid of flies,49500
how to make playdough,49500
how to make crepes,49500
how to get rid of a sore throat,49500
how to gain weight fast,49500
how to get rid of dark circles,49500
who won the superbowl,49500
how to cook sweet potatoes,49500
how many megabytes in a gigabyte,49500
how to write a report,49500
how to make caramel,49500
how many miles in a kilometer,49500
why do cats purr,49500
what is my spirit animal,49500
why did i get married,49500
how to get followers on instagram,49500
how to measure bra size,49500
how to draw a face,49500
how to make a bow,49500
how to delete gmail account,49500
how to put on a condom,49500
when the game stands tall,49500
how to make a gif,49500
how to roll a blunt,49500
what causes high blood pressure,49500
how old is sylvester stallone,49500
how to get over a breakup,49500
how to get rid of hickey,49500
how long to boil corn,49500
how to cook corn on the cob,49500
how to get rid of a hickey,49500
is it going to rain,49500
how it should have ended,49500
how to write a song,49500
when will i die,49500
how old is kobe bryant,49500
how to lucid dreaming,49500
how to know if a guy likes you,49500
how many minutes in a day,49500
what is normal blood pressure,49500
how to make a cake,49500
what causes kidney stones,49500
how to find percentage,49500
how to write a resignation letter,49500
how old do i look,49500
how to cook bacon in the oven,49500
how to get more follower on instagram,49500
how to draw a horse,49500
can dogs eat grapes,49500
what are prime numbers,49500
how to create a blog,49500
how to make paper flowers,49500
what time does target close,49500
what will my baby look like,49500
how many states in usa,49500
why do we yawn,49500
how to bake a potato,49500
how to cut a pineapple,49500
how to delete an instagram account,49500
how to draw a cat,49500
what movies are out,49500
how to make chocolate,49500
what is the illuminati,49500
how to make rice,49500
how to stop hiccups,49500
how to download songs,49500
how to cook steak,49500
how to get more followers on instagram,49500
how old is blake shelton,49500
how to take a screenshot on a pc,49500
how old is jennifer aniston,49500
how to give a good blowjob,49500
how old is madonna,49500
how to make your hair grow fast,49500
how many seconds in a year,49500
how to get rid of cellulite,49500
how to restore iphone,49500
what do bed bugs bites look like,49500
what does wyd mean,49500
how long does food poisoning last,49500
when did michael jackson die,49500
how to lose weight quick,49500
how to use condom,49500
how to creat an app,49500
how to flirt with a girl,40500
how to measure ring size,40500
how many centimeters are in an inch,40500
how to make a smoothie,40500
how to make hair grow faster,40500
what is a milf,40500
what is my current location,40500
how to kill bed bugs,40500
how to make meatloaf,40500
how to lose belly fat fast,40500
how many calories do i need,40500
how to suck dick,40500
how many bones in the human body,40500
how to make icing,40500
how to enable cookies,40500
how to fold a pocket square,40500
how to sell on ebay,40500
what is cloud computing,40500
who deleted me on facebook,40500
how to cook chicken breast,40500
what does og mean,40500
how many cups are in a gallon,40500
is playstation network down,40500
how to make cake pops,40500
how are you in french,40500
what movies are playing,40500
how old is betty white,40500
how tall is donald trump,40500
how to make chili,40500
how many muslims in the world,40500
how to bake salmon,40500
what is minimum wage,40500
why do we dream,40500
what is a synonym,40500
what does fml mean,40500
how to get abs,40500
what is a preposition,40500
how to be single online,40500
how to make macaroni and cheese,40500
what time does the super bowl start,40500
what is a thesis statement,40500
how to increase sperm count,40500
how to make brownies,40500
how much do uber drivers make,40500
why did the chicken cross the road,40500
when does daylight savings time end,40500
how to make google my homepage,40500
how to wear saree,40500
how to cook steaks,40500
how much protein in an egg,40500
what pokemon are you,40500
how to cancel amazon prime,40500
how to fuck a girl,40500
how old is kim kardashian,40500
how to get rid of mouse,40500
how many oz in a liter,40500
how to apply makeup,40500
how to apply eyeliner,40500
who moved my cheese,40500
how to get a flatter stomach,40500
what movie should i watch,40500
when to use a semicolon,40500
how to make mac and cheese,40500
is pluto a planet,40500
does he love me,40500
when is election day,40500
how many continents are there,40500
how to make coffee,40500
when did the titanic sink,40500
where is mt rushmore,40500
why am i so tired,40500
what does rsvp mean,40500
how many calories in an apple,40500
how to draw eyes,40500
what year is it,40500
what is the difference between,40500
how to get a six pack,40500
how to upgrade to windows 10,40500
how to make banana bread,40500
how fast does hair grow,40500
how much mortgage can i afford,40500
how old is obama,40500
how old is tom brady,40500
how to wear a scarf,40500
what should i do,40500
how long do you boil eggs,40500
is santa claus real,40500
how to address a letter,40500
how to lose weight in a week,40500
what is a stroke,40500
who invented the light bulb,40500
where is your appendix,40500
how to get a flat stomach,40500
what is a vpn,40500
how to unclog a toilet,40500
how to be confident,40500
what channel is abc,40500
what is lyme disease,40500
how to win powerball,40500
how to make out,40500
what do the snapchat emojis mean,40500
what is a simile,40500
how to kiss a guy,40500
how to find the area of a triangle,40500
how to cook lobster tail,40500
how to use chopsticks,40500
what do contractions feel like,40500
how to find the area of a circle,40500
how to become a model,40500
how to get a girl to like you,40500
what is labor day,40500
how to do makeup,40500
how to unblock someone on facebook,40500
how old is eminem,40500
how to make a robot,40500
how to commit suicide,40500
how to give a good blow job,40500
how to get rid of a cold sore,40500
how long do cats live,40500
how to get a boyfriend,40500
how to drive a car,40500
how old is harrison ford,40500
how to do make up,40500
how to jump start a car,40500
how to use apple pay,40500
how to calculate standard deviation,40500
what does savage mean,40500
what is black friday,40500
how many oceans are there,40500
what does milf mean,40500
what time is it eastern time,40500
how to get taller,40500
what is climate change,40500
what is a blogging,40500
how to draw manga,40500
how do you get bed bugs,40500
what is gluten free,40500
how to update android,40500
how to make cheesecake,40500
how long are dog pregnant,40500
who is the prime minister of india,40500
how long does alcohol stay in your system,40500
why am i always tired,40500
how to cook lobster tails,40500
who is the next bachelor,40500
how to say i love you in spanish,40500
how to get rid of bloating,40500
how does paypal work,40500
who is a in pretty little liars,40500
how to make money on youtube,40500
how to get water out of your ear,40500
what is a blog,40500
how to make friends,40500
how to download a youtube video,40500
when is the first day of fall,40500
how to cook pork chops,40500
how to cook broccoli,40500
how to remove acrylic nails,40500
how to talk to girls,40500
how to write a business plan,40500
what does dna stand for,40500
how to make spaghetti,40500
how to make hummus,40500
how to make hair grow fast,40500
how to tie a scarf,40500
how old is rihanna,40500
where the red fern grows,40500
what time does costco close,40500
what do you do,40500
how to get taller,40500
how to clean makeup brushes,40500
how many days until,40500
how to get rid of mice,40500
what is a polygon,40500
how to make deviled eggs,40500
how to get rid of canker sores,40500
how old is snoop dogg,40500
how to get rid of cold sores,33100
how to get thick hair,33100
how to edit pdf files,33100
when life gives you lemons,33100
how to make pancakes from scratch,33100
how to unlock iphone 4,33100
when is presidents day,33100
how to do squats,33100
how to get rid of love handles,33100
what does ad stand for,33100
how to read palms,33100
how to last longer,33100
how to clear history,33100
what is memorial day,33100
how to control anger,33100
what does ftw mean,33100
when are the oscar,33100
how many letters in the alphabet,33100
how to bake bacon,33100
what causes low blood pressure,33100
how to make alfredo sauce,33100
how to complete the square,33100
what does ctfu mean,33100
how to get rid of double chin,33100
what is diabetes mellitus,33100
how to reset ipad,33100
what does lml mean,33100
how to create apple id,33100
how to finger yourself,33100
how old is barack obama,33100
how to bake potatoes,33100
how to cook kale,33100
how to open rar files,33100
how long to bake chicken breast,33100
how to kiss a boy,33100
is walmart open on christmas,33100
what is search engine optimisation,33100
what is on television tonight,33100
how old is kylie jenner,33100
how to get rid of double chins,33100
how to remove a tick,33100
how to play craps,33100
what is my ip location,33100
when does implantation occur,33100
how to play uno,33100
what is a computer,33100
how to lose weight in 2 weeks,33100
how to get over someone,33100
what does oml mean,33100
how long are dogs pregnant,33100
how to deal with anxiety,33100
how to parallel park,33100
how to sell on amazon,33100
how to improve english,33100
where is chuck norris,33100
what animal am i,33100
how to factory reset iphone,33100
how old is the universe,33100
how to get rid of hemorrhoid,33100
when do babies roll over,33100
how old is earth,33100
when does winter start,33100
what time is it est,33100
what is big data,33100
how to treat a burn,33100
how many hours in a week,33100
how to get instagram followers,33100
how to eat a girl out,33100
where is your liver,33100
how to cook lentils,33100
what do lice look like,33100
is john cena dead,33100
how to move on,33100
how to find standard deviation,33100
how to draw cartoons,33100
how to get thicker hair,33100
how to change your name,33100
what does i.e mean,33100
how tall is bruno mars,33100
how to make salsa,33100
what is social media,33100
when did elvis die,33100
who unfollowed me instagram,33100
who won dancing with the stars,33100
what is an isotope,33100
what is the speed of light,33100
how to make hash browns,33100
how to install kodi,33100
what is parkinson's disease,33100
how to buy a house,33100
where have you been,33100
what does sic mean,33100
how much is donald trump worth,33100
what state is washington dc in,33100
what is a cv,33100
how many millions in a billion,33100
what is my zodiac signs,33100
who is the president of india,33100
how much is netflix,33100
what is e commerce,33100
how many gigabyte in a terabyte,33100
how to bake chicken breast,33100
how tall is justin bieber,33100
how many gb in a terabyte,33100
whose number is this,33100
what does wifi stand for,33100
how to suck your own dick,33100
how to braid hair,33100
how to delete a facebook account,33100
how you remind me,33100
how old is will smith,33100
what is the name of this song,33100
how to get a bigger butt,33100
how to play piano,33100
how to increase stamina,33100
how to get fair skin,33100
how to make garlic bread,33100
how to sleep faster,33100
what is an ion,33100
how many oz in a pint,33100
how to cook pasta,33100
how many star wars movies are there,33100
how to say i love you in french,33100
how to cook butternut squash,33100
how to do a messy bun,33100
what is a smart tv,33100
how to make rice crispy treats,33100
what is on tv tonight,33100
how to build muscle,33100
how long does it take,33100
how to get a bigger dick,33100
how many kilograms in a pound,33100
what is apple tv,33100
how to cook bacon,33100
how to get rid of bloatedness,33100
what day is easter,33100
how to cook cabbage,33100
how many gigabytes in a terabyte,33100
how to hack pokemon go,33100
what does poison ivy look like,33100
how to make lemonade,33100
how to subtract fractions,33100
what happens after death,33100
how to cook beets,33100
how to clean suede shoes,33100
what does dreams mean,33100
how old is nicki minaj,33100
how to cook brussel sprouts,33100
when did ww2 end,33100
what does yolo mean,33100
how to get rid of a coldsore,33100
how many countries in africa,33100
how to tune a guitar,33100
how to win the lottery,33100
how tall is taylor swift,33100
how did michael jackson die,33100
how to write an abstract,33100
how do to squats,33100
how tall is the eiffel tower,33100
how to buy stocks,33100
how to make yourself throw up,33100
how to change your name on facebook,33100
how to take a screenshot on windows 10,33100
what does bmw stand for,33100
how to talk dirty,33100
when are the oscars,33100
what do dreams mean,33100
how to remove dark circles,33100
how to download whatsapp,33100
how to get rid of hemorrhoids,33100
how to give a handjob,33100
how many teaspoons in a cup,33100
how to deep throat,33100
how many weeks am i,33100
how to edit pdf file,33100
what is standard deviation,33100
how to cook that,33100
how many miles is 5k,33100
how to get rid of canker sore,33100
who is donald trump,33100
how tall is shaq,33100
how to make chocolate chip cookies,33100
what is a function,33100
how to talk to girls,33100
how to edit a pdf,33100
what should i eat,33100
how to get bigger boobs,33100
how to get rid of headache,33100
how to bake sweet potatoes,33100
why do cats knead,33100
how to get rid of fly,33100
who runs the world,33100
how to buy bitcoins,33100
what does ps mean,33100
how to run faster,33100
what does sos stand for,33100
how to download songs from youtube,33100
how to apply eyeshadow,33100
how to apply for passport,33100
what does goat mean,33100
how to buy stock,33100
how to make french fries,33100
how old is mariah carey,33100
how to get insta followers,33100
how to get rid of headaches,33100
what is my zodiac sign,33100
how to give a hand job,33100
how to convert word to pdf,33100
how to install windows 10,33100
what is social media,33100
what does lice look like,33100
is it supposed to rain today,33100
how to get rid of moles,33100
what is the fastest car in the world,33100
how to root android phone,33100
how to smoke weed,33100
how old is zendaya,33100
how to get rid of bloat,33100
how to build a better boy,33100
what is search engine optimization,33100
how to play solitaire,33100
how to make a,33100
how to make soap,33100
when did slavery end,33100
how to make poached eggs,33100
how to fold a fitted sheet,33100
how to flirt with a guy,33100
what font is this,33100
how to get rid of heartburn,33100
what celebrity do i look like,33100
how to get rich,33100
how to find slope,33100
what is search optimization,33100
what is a virtual private network,33100
how to make slime without borax,33100
how to make a milkshake,33100
how to clean silver,33100
can dogs eat strawberries,33100
when the sun goes down,33100
how to use uber,33100
how do you make,33100
how to make candles,33100
how to eat health,33100
how to deal with depression,33100
how to train a puppy,33100
how to delete a gmail account,33100
how to curl your hair,33100
how to cook shrimp,27100
how to cook a ham,27100
how to draw a nose,27100
what is an orgasm,27100
what is a hypothesis,27100
how to relieve stress,27100
how long is a marathon,27100
what is human resources,27100
how to use excel,27100
what is a sociopath,27100
how to potty train a puppy,27100
how to cook chicken,27100
how to stop masturbating,27100
what channel is the debate on tonight,27100
how to grow weed,27100
how to cure a sore throat,27100
how to make bath bombs,27100
how many calories should i eat to lose weight,27100
how to get water out of ear,27100
how to do a messy bun,27100
what does herpes look like,27100
how to make french fries,27100
how old is leonardo dicaprio,27100
when to take pregnancy test,27100
how to make frosting,27100
how to use twitter,27100
how to become famous,27100
what does poison ivy look like,27100
how to edit videos,27100
how to get your ex back,27100
how to make a youtube channel,27100
what is a smart tv,27100
what is good friday,27100
how to tell if someone is lying,27100
how to steam broccoli,27100
how to start a conversation with a girl,27100
how to set a table,27100
how to draw a wolf,27100
why should i hire you,27100
how to make macarons,27100
what is a thesis,27100
how to get a guy to like you,27100
when was the internet invented,22200
when is the election,22200
what is a server,22200
how much does the president make,22200
how to build credit,22200
what is enterprise resource planning systems,22200
how to smoke a cigar,22200
how much money do youtubers make,22200
how to become a real estate agent,22200
what temp is a fever,22200
how to get rid of a stuffy nose,22200
how many beers in a keg,22200
when did women get the right to vote,22200
what does 69 mean,22200
